id,key,value
13025,站点编码,XH8012016082300342
13025,时间,
13025,温度,20
13025,湿度,66
13025,经度,118.173744
13025,纬度,
13025,经度,118.173744
13025,,44
13025,station—type,99
